﻿<?xml version="1.0" encoding="utf-8"?>
<publishData>
  <publishProfile publishUrl="C:\Users\Epic Virus\Desktop" deleteExistingFiles="False" ftpAnonymousLogin="False" ftpPassiveMode="True" msdeploySite="CIS407Project" msdeploySiteID="" msdeployRemoteSitePhysicalPath="" msdeployAllowUntrustedCertificate="False" msdeploySkipExtraFilesOnServer="True" msdeployMarkAsApp="False" profileName="CIS407CourseProject" publishMethod="FileSystem" replaceMatchingFiles="True" userName="" savePWD="False" userPWD="" SelectedForPublish="True">
    <file relUrl="Web.config" publishTime="12/13/2014 14:50:15" />
    <file relUrl="Images/Personnel.png" publishTime="11/15/2014 14:02:50" />
    <file relUrl="Images/New Employee.PNG" publishTime="11/04/2014 17:15:51" />
    <file relUrl="frmLogin.aspx" publishTime="12/03/2014 21:31:28" />
    <file relUrl="frmSalaryCalculator.aspx" publishTime="11/20/2014 17:58:02" />
    <file relUrl="frmEditPersonnel.aspx" publishTime="12/03/2014 21:37:51" />
    <file relUrl="Images/oneDoesNot.jpg" publishTime="12/02/2014 18:54:00" />
    <file relUrl="Images/AddUser.png" publishTime="12/02/2014 19:17:11" />
    <file relUrl="frmMain.aspx" publishTime="12/13/2014 12:13:37" />
    <file relUrl="Images/CoolBiz_Productions_logo.JPG" publishTime="11/02/2014 14:22:31" />
    <file relUrl="bin/CIS407Project.dll" publishTime="12/13/2014 13:02:02" />
    <file relUrl="frmPersonnelVerified.aspx" publishTime="11/15/2014 13:42:28" />
    <file relUrl="CoolBizMasterPage.Master" publishTime="12/13/2014 12:37:03" />
    <file relUrl="frmSearchPersonnel.aspx" publishTime="11/18/2014 20:57:59" />
    <file relUrl="Images/Edit Employee.png" publishTime="11/29/2014 13:19:50" />
    <file relUrl="frmViewPersonnel.aspx" publishTime="11/15/2014 13:28:55" />
    <file relUrl="Images/Monitoring-user-activity.jpg" publishTime="11/11/2014 20:30:38" />
    <file relUrl="PayrollSystem_DB.mdb" publishTime="12/13/2014 13:02:54" />
    <file relUrl="frmManageUsers.aspx" publishTime="12/03/2014 22:02:38" />
    <file relUrl="Images/Logout.jpg" publishTime="12/03/2014 20:27:05" />
    <file relUrl="Images/SearchUsers.png" publishTime="11/15/2014 13:55:10" />
    <file relUrl="Images/calculator.PNG" publishTime="11/04/2014 17:15:44" />
    <file relUrl="bin/CIS407Project.pdb" publishTime="12/13/2014 13:02:02" />
    <file relUrl="frmPersonnel.aspx" publishTime="12/02/2014 20:13:42" />
    <file relUrl="Default.aspx" publishTime="12/13/2014 13:01:01" />
    <file relUrl="frmUserActivity.aspx" publishTime="12/03/2014 22:05:07" />
  </publishProfile>
</publishData>